street,school,loc
__ A,McKinley School, 999999-999999 006-33
Abbey Road A,St Pius School, 1-999999 002-34
Aberdeen Way A,Mill Hill School, 2-71 010-32
Abigails Way A,Fairfield Woods Middle School, 1-999999 003-32
Acorn Lane A,Mill Hill School, 1-999999 010-32
Adams Road A,Fairfield Ludlowe High School, 1-999999 008-32
Adelaide Street A,McKinley School, 1-999999 006-33
Adley Road E,Fairfield Woods Middle School, 2-120 003-32
Adley Road E,Stratfield School, 132-132 004-33
Adley Road E,St Pius School, 182-598 002-34
Adley Road O,St Pius School, 23-571 002-34
Alberta Street A,Stratfield School, 1-999999 004-33
Alden Street A,Sherman School, 1-999999 009-32
Alexandria Court A,Dwight School, 1-999999 001-34
Algonquin Road A,Fairfield Warde High School, 1-999999 005-33
Allen Road A,Fairfield Woods Middle School, 1-999999 003-34
Alma Drive A,Fairfield Ludlowe High School, 1-999999 008-32
Alton Place A,Fairfield Warde High School, 1-999999 005-33
Alvin Street A,Fairfield Warde High School, 1-999999 005-33
Alyssa Lane A,Fairfield Warde High School, 1-999999 005-33
Anderson Lane A,Mill Hill School, 1-999999 010-32
Andrassy Avenue A,McKinley School, 1-999999 006-33
Ann Street A,Sherman School, 1-999999 009-32
Anvil Road A,Mill Hill School, 1-999999 010-32
Applegate Road A,Stratfield School, 1-999999 004-33
Apponyi Street A,McKinley School, 1-999999 006-33
Aran Hill Road A,Dwight School, 1-999999 001-34
Arbor Drive A,Mill Hill School, 1-999999 010-32
Arbor Terrace A,Mill Hill School, 1-999999 010-32
Ardmore Street A,McKinley School, 1-999999 006-33
Argonne Street A,Stratfield School, 1-999999 004-33
Arising Street A,McKinley School, 1-999999 006-33
Arrow Head Lane A,St Pius School, 1-999999 002-34
Ash Street A,McKinley School, 1-999999 006-33
Aspen Wood Lane A,Fairfield Woods Middle School, 1-999999 003-32
Aspetuck Falls A,Dwight School, 1-999999 001-34
Audubon Lane A,Dwight School, 1-999999 001-34
Autumn Ridge Road A,St Pius School, 1-999999 002-34
Avalon Court A,Holland Hill School, 1-999999 007-33
Bailey Road E,Stratfield School, 14-210 004-33
Bailey Road O,Stratfield School, 21-243 004-33
Baldwin Terrace A,Sherman School, 1-999999 009-32
Balmaha Close A,Stratfield School, 1-999999 004-33
Balmaha Court A,Stratfield School, 1-999999 004-33
Banks North Road A,Dwight School, 1-999999 001-34
Banks Place A,Mill Hill School, 1-999999 010-32
Barberry Road A,Mill Hill School, 1-999999 010-32
Barlow Place A,Fairfield Ludlowe High School, 1-999999 008-32
Barlow Plain Drive A,Holland Hill School, 1-999999 007-33
Barlow Road A,Fairfield Ludlowe High School, 374-627 008-32
Barlow Road E,Holland Hill School, 86-200 007-33
Barlow Road O,Fairfield Ludlowe High School, 55-311 008-32
Barnhill Court A,Fairfield Woods Middle School, 1-999999 003-32
Barnhill Road A,Fairfield Woods Middle School, 1-999999 003-32
Baros Street A,McKinley School, 1-999999 006-33
Barrister Lane A,Dwight School, 1-999999 001-34
Barry Scott Drive A,Fairfield Woods Middle School, 1-999999 003-32
Barton Road A,Holland Hill School, 1-999999 007-33
Bay Edge Court A,Holland Hill School, 1-999999 007-33
Bayberry Road A,Stratfield School, 1-999999 004-33
Beach Road A,Sherman School, 1-999999 009-32
Beacon Square A,Fairfield Woods Middle School, 1-999999 003-32
Beacon View Drive E,Fairfield Warde High School, 10-78 005-33
Beacon View Drive O,Fairfield Warde High School, 1-29 005-33
Beacon View Drive O,Fairfield Woods Middle School, 41-87 003-32
Beagling Hill Circle A,Dwight School, 1-999999 001-34
Beaumont Place A,Mill Hill School, 1-999999 010-32
Beaumont Street A,Mill Hill School, 1-999999 010-32
Beaver Brook Lane E,Stratfield School, 4-66 004-33
Beaver Brook Lane O,St Pius School, 7-49 002-34
Beaver Street A,McKinley School, 1-999999 006-33
Beechwood Lane A,Stratfield School, 1-999999 004-33
Beers Road O,Dwight School, 1-999999 001-34
Bel Air Lane A,Fairfield Woods Middle School, 1-999999 003-32
Belmont Street A,Holland Hill School, 1-999999 007-33
Benedict Avenue A,Stratfield School, 1-999999 004-33
Bennett Street A,Stratfield School, 1-999999 004-33
Benson Place A,Sherman School, 1-999999 009-32
Benton Street A,McKinley School, 1-999999 006-33
Berkeley Road A,Fairfield Warde High School, 1-999999 005-33
Berrylane Court A,Fairfield Warde High School, 1-999999 005-33
Berwick Avenue A,McKinley School, 1-999999 006-33
Beth Drive A,Stratfield School, 1-999999 004-33
Beverly Lane A,Fairfield Woods Middle School, 1-999999 003-32
Bibbins Avenue A,McKinley School, 1-999999 006-33
Birch Road A,Sherman School, 1-999999 009-32
Birchwood Circle A,Holland Hill School, 1-999999 007-33
Birchwood Drive A,Holland Hill School, 1-999999 007-33
Biro Street A,McKinley School, 1-999999 006-33
Bittersweet Road A,Dwight School, 1-999999 001-34
Black Rock Avenue E,McKinley School, 36-144 006-33
Black Rock Avenue O,McKinley School, 45-155 006-33
Black Rock Turnpike A,St Pius School, 3100-4100 002-34
Black Rock Turnpike A,Dwight School, 4101-5999 001-34
Black Rock Turnpike E,McKinley School, 2-1568 006-33
Black Rock Turnpike E,Fairfield Woods Middle School, 1570-3098 003-32
Black Rock Turnpike O,McKinley School, 1-1463 006-33
Black Rock Turnpike O,Fairfield Woods Middle School, 1465-2123 003-32
Black Rock Turnpike O,St Pius School, 2125-2601 002-34
Black Rock Turnpike O,Fairfield Woods Middle School, 2603-3099 003-32
Blackmount Court A,Stratfield School, 1-999999 004-33
Blackmount Lane A,Stratfield School, 1-999999 004-33
Blaine Street A,Sherman School, 1-999999 009-32
Blake Drive A,Mill Hill School, 1-999999 010-32
Bloomfield Drive A,Fairfield Warde High School, 1-999999 005-33
Blue Bell Lane A,Dwight School, 1-999999 001-34
Blue Ridge Road A,Fairfield Warde High School, 1-999999 005-33
Blueberry Lane A,Fairfield Warde High School, 1-999999 005-33
Bond Street A,Stratfield School, 1-999999 004-33
Bonney Terrace A,Mill Hill School, 1-999999 010-32
Boroskey Road A,McKinley School, 1-999999 006-33
Bradford Street A,McKinley School, 1-999999 006-33
Bradley Street A,Fairfield Ludlowe High School, 1-999999 008-32
Brambly Hedge Circle A,Dwight School, 1-999999 001-34
Brentwood Avenue A,McKinley School, 1-99 006-33
Brentwood Avenue A,McKinley School, 100-194 006-33
Brett Lane A,Dwight School, 1-999999 001-34
Brett Road A,Dwight School, 1-999999 001-34
Bridget Lane A,Mill Hill School, 1-999999 010-32
Bridle Trail A,St Pius School, 1-999999 002-34
Brighton View Road A,St Pius School, 1-999999 002-34
Brion Drive A,Stratfield School, 1-999999 004-33
Broad River Lane A,Mill Hill School, 1-999999 010-32
Bronson Road E,Fairfield Ludlowe High School, 2-2040 008-32
Bronson Road E,Dwight School, 2042-3398 001-34
Bronson Road O,Fairfield Ludlowe High School, 1-139 008-32
Bronson Road O,Mill Hill School, 141-791 010-32
Bronson Road O,Fairfield Ludlowe High School, 793-1919 008-32
Bronson Road O,Mill Hill School, 1921-2099 010-32
Bronson Road O,Dwight School, 2101-3399 001-34
Brookbend Road A,Fairfield Ludlowe High School, 1-999999 008-32
Brookdale Road A,Holland Hill School, 1-999999 007-33
Brookfield Avenue A,Fairfield Warde High School, 1-999999 005-33
Brooklawn Avenue E,Fairfield Warde High School, 320-1328 005-33
Brooklawn Avenue E,Stratfield School, 1330-1498 004-33
Brooklawn Avenue O,Fairfield Warde High School, 301-1295 005-33
Brooklawn Avenue O,Stratfield School, 1297-1499 004-33
Brooklawn Parkway A,Stratfield School, 1-999999 004-33
Brooklawn Terrace E,Stratfield School, 2-398 004-33
Brooklawn Terrace O,Fairfield Warde High School, 1-141 005-33
Brooklawn Terrace O,Stratfield School, 143-399 004-33
Brookmere Drive A,Holland Hill School, 1-999999 007-33
Brookridge Avenue A,Stratfield School, 1-999999 004-33
Brookside Drive E,St Pius School, 2-760 002-34
Brookside Drive E,Dwight School, 762-1598 001-34
Brookside Drive O,St Pius School, 1-1069 002-34
Brookside Drive O,Fairfield Ludlowe High School, 1089-1569 008-32
Brookview Avenue A,Fairfield Warde High School, 1-999999 005-33
Browns Lane A,Fairfield Ludlowe High School, 1-999999 008-32
Buck Board Lane A,Dwight School, 1-999999 001-34
Buena Vista Road E,Stratfield School, 30-260 004-33
Buena Vista Road E,Stratfield School, 282-414 004-33
Buena Vista Road O,Stratfield School, 3-255 004-33
Buena Vista Road O,Stratfield School, 283-415 004-33
Bulkley Drive A,Stratfield School, 1-999999 004-33
Bullard Street A,Fairfield Warde High School, 1-999999 005-33
Bungalow Avenue A,Mill Hill School, 1-999999 010-32
Bunnell Circle A,Fairfield Woods Middle School, 1-999999 003-32
Burr Street E,Dwight School, 100-3250 001-34
Burr Street O,Dwight School, 105-3167 001-34
Burroughs Road E,Fairfield Woods Middle School, 10-764 003-32
Burroughs Road E,Fairfield Warde High School, 866-1082 005-33
Burroughs Road O,Fairfield Woods Middle School, 29-1061 003-32
Burrwood Common A,Dwight School, 1-999999 001-34
Butternut Lane A,Mill Hill School, 1-999999 010-32
Caitlin Court A,Fairfield Ludlowe High School, 1-999999 008-32
Calf Pond Lane A,Dwight School, 1-999999 001-34
Calico Lane A,Dwight School, 1-999999 001-34
Cambridge Street A,Holland Hill School, 1-999999 007-33
Camden Street A,McKinley School, 1-999999 006-33
Campbell Road A,Dwight School, 1-999999 001-34
Campfield Drive A,Fairfield Warde High School, 1-999999 005-33
Candlewood Road A,Fairfield Woods Middle School, 8-196 003-32
Canterbury Lane A,St Pius School, 1-999999 002-34
Capuano Cove A,Stratfield School, 0-999999 004-33
Cardinal Hill A,Mill Hill School, 1-999999 010-32
Cardinal Street E,Fairfield Warde High School, 16-180 005-33
Cardinal Street O,Fairfield Warde High School, 33-165 005-33
Carlton Street A,Sherman School, 1-999999 009-32
Carlynn Drive A,Sherman School, 1-999999 009-32
Carriage Drive A,Fairfield Ludlowe High School, 1-999999 008-32
Carrie Circle A,St Pius School, 1-999999 002-34
Carroll Road E,Fairfield Woods Middle School, 2-999998 003-32
Carroll Road O,Fairfield Ludlowe High School, 1-999999 008-32
Carthage Street A,McKinley School, 1-999999 006-33
Cascade Drive A,St Pius School, 1-999999 002-34
Casmir Drive E,Stratfield School, 20-158 004-33
Casmir Drive O,St Pius School, 25-215 002-34
Castle Avenue A,McKinley School, 1-999999 006-33
Catamount Road A,Dwight School, 1-999999 001-34
Catherine Street A,Sherman School, 1-999999 009-32
Catherine Terrace A,Sherman School, 1-999999 009-32
Cedar Brook Lane A,Mill Hill School, 1-999999 010-32
Cedar Road E,Mill Hill School, 2-1118 010-32
Cedar Road O,Fairfield Ludlowe High School, 1-515 008-32
Cedar Road O,Mill Hill School, 517-1399 010-32
Cedar Wood Lane A,Stratfield School, 1-999999 004-33
Cedarhurst Lane A,Fairfield Warde High School, 1-999999 005-33
Center Street A,Mill Hill School, 1-999999 010-32
Centerbrook Place A,Fairfield Woods Middle School, 1-999999 003-34
Centerbrook Road E,Fairfield Woods Middle School, 10-78 003-34
Centerbrook Road O,Fairfield Woods Middle School, 21-75 003-32
Chambers Street A,McKinley School, 1-999999 006-33
Chandlers Lane North A,Dwight School, 1-999999 001-34
Chandlers Lane South A,Dwight School, 1-999999 001-34
Chapel Hill Drive A,Stratfield School, 1-999999 004-33
Chapman Avenue A,Fairfield Warde High School, 1-73 005-33
Chapman Avenue A,McKinley School, 74-199 006-33
Charles Street A,Sherman School, 1-999999 009-32
Charter Oak Road A,Fairfield Ludlowe High School, 1-999999 008-32
Chatham Road A,Stratfield School, 1-999999 004-33
Chelsea Street A,Fairfield Ludlowe High School, 1-999999 008-32
Cherry Hill Road A,St Pius School, 1-999999 002-34
Cherry Lane A,Dwight School, 1-999999 001-34
Chester Place A,Mill Hill School, 1-999999 010-32
Chestnut Street A,Holland Hill School, 1-999999 007-33
Christmas Tree Lane A,Mill Hill School, 1-999999 010-32
Church Hill Road E,Stratfield School, 4-960 004-33
Church Hill Road E,St Pius School, 962-1198 002-34
Church Hill Road O,Fairfield Warde High School, 1-341 005-33
Church Hill Road O,Stratfield School, 343-1199 004-33
Church Street A,Mill Hill School, 1-999999 010-32
Churchill Street A,McKinley School, 1-999999 006-33
Cider Mill Lane E,Fairfield Ludlowe High School, 20-90 008-32
Cider Mill Lane O,Fairfield Ludlowe High School, 35-85 008-32
Clinton Street A,Sherman School, 1-999999 009-32
Coach Lane A,Fairfield Woods Middle School, 1-999999 003-32
Cobblers Hill Road A,Dwight School, 1-999999 001-34
Coburn Street A,McKinley School, 1-999999 006-33
Coleman Road A,Fairfield Woods Middle School, 125-156 003-32
College Park Drive E,Fairfield Woods Middle School, 2-298 003-32
College Park Drive O,Fairfield Ludlowe High School, 1-299 008-32
College Place A,Sherman School, 1-999999 009-32
Collingwood Avenue A,Fairfield Warde High School, 1-999999 005-33
Colonese Road A,St Pius School, 1-999999 002-34
Colonial Drive A,Sherman School, 1-999999 009-32
Colony Street A,Holland Hill School, 1-999999 007-33
Commerce Drive A,McKinley School, 1-999999 006-33
Common Wealth Drive A,Dwight School, 1-999999 001-34
Concord Street A,Holland Hill School, 1-999999 007-33
Congress Street E,St Pius School, 2-720 002-34
Congress Street E,Dwight School, 722-5598 001-34
Congress Street O,St Pius School, 1-825 002-34
Congress Street O,Dwight School, 827-1731 001-34
Congress Street O,St Pius School, 1733-2159 002-34
Congress Street O,Dwight School, 2161-5599 001-34
Coral Drive A,Fairfield Woods Middle School, 1-999999 003-32
Cornell Road E,Fairfield Warde High School, 22-48 005-33
Cornell Road E,Fairfield Warde High School, 450-450 005-33
Cornell Road E,Fairfield Warde High School, 508-508 005-33
Cornell Road O,Fairfield Warde High School, 39-333 005-33
Country Road E,McKinley School, 2-999998 006-33
Country Road O,Holland Hill School, 1-999999 007-33
Coventry Lane A,Dwight School, 1-999999 001-34
Craig Court A,Sherman School, 1-999999 009-32
Craig Place A,Sherman School, 1-999999 009-32
Crane Street A,Fairfield Warde High School, 1-999999 005-33
Cranston Street A,Fairfield Ludlowe High School, 1-999999 008-32
Creconoof Road A,St Pius School, 1-999999 002-34
Crescent Road A,Sherman School, 1-999999 009-32
Crest Terrace A,Stratfield School, 17-17 004-33
Crest Terrace A,Stratfield School, 35-35 004-33
Crest Terrace A,Stratfield School, 38-38 004-33
Crest Terrace A,Stratfield School, 86-86 004-33
Crest Terrace North E,St Pius School, 2-999998 002-34
Crest Terrace North O,Stratfield School, 1-999999 004-33
Crestwood Road A,Holland Hill School, 1-999999 007-33
Cricker Brook Lane A,Dwight School, 1-999999 001-34
Cricket Lane A,Fairfield Warde High School, 1-999999 005-33
Crimson Lane A,McKinley School, 1-999999 006-33
Crocus Court A,Fairfield Ludlowe High School, 1-999999 008-32
Crosby Street A,St Pius School, 1-999999 002-34
Cross Highway A,Dwight School, 85-999999 001-34
Crystal Lane A,Fairfield Ludlowe High School, 1-999999 008-32
Cummings Avenue A,Sherman School, 1-999999 009-32
Curtis Terrace A,Stratfield School, 1-999999 004-33
Cynthia Drive A,Fairfield Ludlowe High School, 1-999999 008-32
Dalewood Avenue A,McKinley School, 1-999999 006-33
Daves Lane A,Mill Hill School, 1-999999 010-32
Davis Road E,Stratfield School, 14-370 004-33
Davis Road E,Fairfield Woods Middle School, 402-612 003-32
Davis Road O,Stratfield School, 29-147 004-33
Davis Road O,Stratfield School, 289-611 004-33
Dawn Street E,McKinley School, 6-74 006-33
Dawn Street O,McKinley School, 31-77 006-33
Daybreak Road A,Mill Hill School, 21-21 010-32
Daybreak Road E,Mill Hill School, 30-256 010-32
Daybreak Road O,Mill Hill School, 55-285 010-32
Deane Lane A,Dwight School, 1-999999 001-34
Deep Wood Road A,St Pius School, 1-999999 002-34
Deer Park Road A,Holland Hill School, 1-999999 007-33
Deer Run A,Fairfield Ludlowe High School, 1-999999 008-32
Deerfield Street A,McKinley School, 1-999999 006-33
Dell Dale Road A,St Pius School, 1-999999 002-34
Denise Terrace A,Fairfield Woods Middle School, 11-150 003-34
Dill Road A,Holland Hill School, 1-999999 007-33
Division Avenue A,McKinley School, 1-999999 006-33
Dogwood Lane A,Holland Hill School, 1-999999 007-33
Donna Drive A,St Pius School, 1-999999 002-34
Doreen Drive A,Fairfield Ludlowe High School, 1-999999 008-32
Dorking Drive A,Fairfield Ludlowe High School, 1-999999 008-32
Dorothy Street A,Fairfield Warde High School, 1-999999 005-33
Drake Lane A,Fairfield Ludlowe High School, 1-999999 008-32
Dresden Street A,McKinley School, 1-999999 006-33
Drumm Road A,Fairfield Ludlowe High School, 1-999999 008-32
Duck Farm Road A,Fairfield Ludlowe High School, 1-737 008-32
Duck Farm Road A,Dwight School, 738-999 001-34
Dudley Drive A,Fairfield Ludlowe High School, 1-999999 008-32
Duka Avenue A,McKinley School, 1-999999 006-33
Dunham Road A,Dwight School, 1-999999 001-34
Dunhill Drive A,Mill Hill School, 1-999999 010-32
Dunnlea Road A,Fairfield Ludlowe High School, 1-999999 008-32
Durrell Drive A,Fairfield Ludlowe High School, 1-999999 008-32
Dwight Street A,Sherman School, 1-999999 009-32
Eagle Drive A,Fairfield Warde High School, 1-999999 005-33
East Paulding Road A,Sherman School, 1-999999 009-32
East Paulding Street A,Sherman School, 1-999999 009-32
Eastbourne Road A,Holland Hill School, 1-999999 007-33
Eastfield Circle A,St Pius School, 1-999999 002-34
Eastfield Drive A,St Pius School, 1-999999 002-34
Eastfield Terrace A,St Pius School, 1-999999 002-34
Eastlawn Street A,Sherman School, 1-999999 009-32
Eastlea Lane A,Dwight School, 1-999999 001-34
Easton Turnpike E,St Pius School, 2428-3160 002-34
Easton Turnpike O,Stratfield School, 2231-2319 004-33
Easton Turnpike O,St Pius School, 2343-3135 002-34
Eastwood Road A,Stratfield School, 1-999999 004-33
Eaton Court A,Dwight School, 1-999999 001-34
Echo Lane A,Stratfield School, 1-999999 004-33
Edge Hill Court A,Holland Hill School, 1-999999 007-33
Edge Hill Place A,Holland Hill School, 1-999999 007-33
Edge Hill Road A,Holland Hill School, 1-999999 007-33
Edgewood Place A,Stratfield School, 1-999999 004-33
Edgewood Road A,Stratfield School, 1-999999 004-33
Edison Avenue A,McKinley School, 1-999999 006-33
Edward Street A,Sherman School, 1-999999 009-32
Elderberry Lane A,Fairfield Woods Middle School, 1-999999 003-32
Eleanor Terrace A,Holland Hill School, 1-999999 007-33
Eleven O Clock Road A,Dwight School, 1-999999 001-34
Eliot Street A,Holland Hill School, 1-999999 007-33
Elizabeth Street A,McKinley School, 1-999999 006-33
Elm Street A,Fairfield Ludlowe High School, 1-999999 008-32
Elmwood Drive A,Mill Hill School, 1-999999 010-32
Elvira Lane A,Dwight School, 1-999999 001-34
Emerald Springs A,Mill Hill School, 1-999999 010-32
Emmy Lane A,St Pius School, 1-999999 002-34
Ennis Lane A,Sherman School, 1-999999 009-32
Ermine Street A,Fairfield Ludlowe High School, 1-999999 008-32
Essex Street A,Fairfield Warde High School, 1-999999 005-33
Euclid Avenue A,Fairfield Warde High School, 1-137 005-33
Euclid Avenue A,Stratfield School, 138-399 004-33
Eunice Avenue A,Sherman School, 1-999999 009-32
Evelyn Street A,Mill Hill School, 1-999999 010-32
Evergreen Hill Road A,Dwight School, 1-999999 001-34
Exchange Place A,McKinley School, 1-999999 006-33
Fair Oak Drive A,Dwight School, 1-999999 001-34
Fairchild Avenue A,McKinley School, 1-999999 006-33
Fairfield Beach Road A,Sherman School, 1-999999 009-32
Fairfield Place A,Mill Hill School, 1-999999 010-32
Fairfield Woods Road A,Fairfield Warde High School, 1-99 005-33
Fairfield Woods Road E,Stratfield School, 100-958 004-33
Fairfield Woods Road E,Fairfield Woods Middle School, 960-999998 003-32
Fairfield Woods Road O,Fairfield Warde High School, 101-851 005-33
Fairfield Woods Road O,Fairfield Woods Middle School, 853-999999 003-32
Fairland Drive A,Fairfield Woods Middle School, 1-999999 003-32
Fairmount Terrace A,Stratfield School, 1-999999 004-33
Fairview Avenue A,Holland Hill School, 1-999999 007-33
Fairway Green A,Fairfield Warde High School, 1-999999 005-33
Fallow Field Lane A,Dwight School, 1-999999 001-34
Fallow Field Road A,Dwight School, 1-999999 001-34
Falmouth Road A,Stratfield School, 1-999999 004-33
Farist Road A,Fairfield Woods Middle School, 1-999999 003-32
Farmington Avenue A,Stratfield School, 1-999999 004-33
Farmstead Hill Road A,Dwight School, 1-999999 001-34
Fawn Ridge Lane A,Mill Hill School, 1-999999 010-32
Federal Street A,St Pius School, 1-999999 002-34
Fencerow Drive A,Dwight School, 1-999999 001-34
Ferguson Drive E,St Pius School, 2-98 002-34
Ferguson Drive O,Fairfield Ludlowe High School, 1-99 008-32
Fern Street A,Sherman School, 1-999999 009-32
Ferncliff Road A,Stratfield School, 1-999999 004-33
Field Point Drive A,Sherman School, 1-999999 009-32
Field Rock Road A,Fairfield Ludlowe High School, 1-999999 008-32
Fieldcrest Drive A,Fairfield Warde High School, 1-999999 005-33
Figlar Avenue A,Fairfield Woods Middle School, 1-999999 003-32
Finn Street A,McKinley School, 1-999999 006-33
First Street A,Fairfield Warde High School, 1-999999 005-33
Fiske Street A,McKinley School, 1-999999 006-33
Flax Road A,Mill Hill School, 1-999999 010-32
Fleming Lane A,Dwight School, 1-999999 001-34
Flintlock Road E,Mill Hill School, 66-110 010-32
Flintlock Road E,Mill Hill School, 250-1030 010-32
Flintlock Road O,Mill Hill School, 195-345 010-32
Flintlock Road O,Mill Hill School, 775-1025 010-32
Flora Boulevard A,Mill Hill School, 1-999999 010-32
Florence Lane A,St Pius School, 1-999999 002-34
Flower House Drive A,Fairfield Ludlowe High School, 1-999999 008-32
Flushing Avenue A,Stratfield School, 1-999999 004-33
Fogg Wood Circle A,Dwight School, 1-999999 001-34
Fogg Wood Road A,Dwight School, 1-999999 001-34
Forest Avenue A,Sherman School, 1-999999 009-32
Fortuna Drive A,Mill Hill School, 1-999999 010-32
Four Seasons Road A,Stratfield School, 1-999999 004-33
Fox Run Road A,Fairfield Ludlowe High School, 1-999999 008-32
Fox Street A,Sherman School, 1-999999 009-32
Francis Street A,Mill Hill School, 1-999999 010-32
Franklin Lane A,Dwight School, 1-999999 001-34
French Street A,Mill Hill School, 1-999999 010-32
Frog Pond Lane A,Dwight School, 1-999999 001-34
Fulling Mill Lane North A,Fairfield Ludlowe High School, 366-520 008-32
Fulling Mill Lane South A,Fairfield Ludlowe High School, 45-365 008-32
Galloping Hill Road E,St Pius School, 2-1498 002-34
Galloping Hill Road O,Dwight School, 1-1499 001-34
Garden Court A,Fairfield Warde High School, 1-999999 005-33
Garden Drive A,Fairfield Warde High School, 1-999999 005-33
Garden Square A,Fairfield Warde High School, 1-999999 005-33
Gate Ridge Road A,Stratfield School, 1-999999 004-33
Gate Stone Lane A,Dwight School, 1-999999 001-34
Gay Bowers Road A,Dwight School, 1-999999 001-34
Gaynos Drive A,St Pius School, 1-999999 002-34
Geneva Terrace A,Mill Hill School, 1-999999 010-32
Georgia Street A,McKinley School, 1-999999 006-33
Getty Circle A,Dwight School, 1-999999 001-34
Gilbert Highway A,Dwight School, 1-999999 001-34
Ginger Circle A,Stratfield School, 1-999999 004-33
Glen Arden Drive A,Fairfield Woods Middle School, 1-999999 003-32
Glen Arden Drive South A,Holland Hill School, 1-999999 007-33
Glen Ridge Road A,Fairfield Woods Middle School, 1-999999 003-32
Glengarry Road A,Stratfield School, 1-999999 004-33
Glover Street A,Fairfield Ludlowe High School, 1-999999 008-32
Godfrey Road E,Fairfield Woods Middle School, 240-350 003-32
Godfrey Road O,Stratfield School, 11-341 004-33
Golden Pond Lane A,Dwight School, 1-999999 001-34
Golf View Terrace A,St Pius School, 1-999999 002-34
Gorham Road A,Mill Hill School, 1-999999 010-32
Gould Avenue E,Mill Hill School, 2-198 010-32
Gould Avenue O,Sherman School, 1-199 009-32
Governors Lane A,Dwight School, 1-999999 001-34
Grace Street A,McKinley School, 1-999999 006-33
Grandview Road E,Stratfield School, 142-272 004-33
Grandview Road E,Stratfield School, 320-338 004-33
Grandview Road E,Fairfield Woods Middle School, 388-420 003-32
Grandview Road O,Stratfield School, 7-385 004-33
Granville Street A,Mill Hill School, 1-999999 010-32
Grasmere Avenue E,McKinley School, 2-598 006-33
Grasmere Avenue O,Holland Hill School, 1-55 007-33
Grasmere Avenue O,McKinley School, 57-235 006-33
Grasmere Avenue O,Holland Hill School, 237-599 007-33
Gray Rock Road A,Mill Hill School, 1-999999 010-32
Green Acre Lane A,Holland Hill School, 1-999999 007-33
Green Knolls Lane A,Fairfield Woods Middle School, 1-999999 003-32
Greenbrier Circle A,Fairfield Woods Middle School, 1-999999 003-32
Greenbrier Road A,Fairfield Woods Middle School, 200-220 003-34
Greenbrier Road E,Fairfield Woods Middle School, 58-148 003-32
Greenbrier Road O,Fairfield Woods Middle School, 17-145 003-32
Greenfield Hill Road A,Dwight School, 1-999999 001-34
Greenfield Street A,Fairfield Warde High School, 1-999999 005-33
Greenlawn Drive A,Fairfield Warde High School, 1-999999 005-33
Greenleigh Road A,Stratfield School, 1-999999 004-33
Grist Mill Lane A,Mill Hill School, 1-999999 010-32
Gunston Road A,Mill Hill School, 1-999999 010-32
Guydan Lane A,St Pius School, 1-999999 002-34
Half Mile Lane A,Mill Hill School, 1-999999 010-32
Half Mile Road E,Mill Hill School, 24-500 010-32
Half Mile Road O,Mill Hill School, 41-83 010-32
Half Mile Road O,Mill Hill School, 85-85 010-32
Half Mile Road O,Mill Hill School, 87-497 010-32
Halley Avenue A,McKinley School, 1-999999 006-33
Halley Court A,McKinley School, 1-999999 006-33
Hamilton Court A,Dwight School, 1-999999 001-34
Hanford Drive A,Fairfield Woods Middle School, 1-999999 003-32
Harbor Road A,Mill Hill School, 1-999999 010-32
Harris Street A,McKinley School, 1-999999 006-33
Harvester Road E,Stratfield School, 2-302 004-33
Harvester Road E,St Pius School, 304-398 002-34
Harvester Road O,Stratfield School, 1-189 004-33
Harvester Road O,St Pius School, 191-399 002-34
Harwich Road A,Stratfield School, 1-999999 004-33
Hawthorne Drive A,St Pius School, 1-999999 002-34
Hazel Street A,McKinley School, 1-999999 006-33
Heather Lane A,Fairfield Ludlowe High School, 1-999999 008-32
Helen Street A,Mill Hill School, 1-999999 010-32
Hemlock Hills North A,Dwight School, 1-999999 001-34
Hemlock Hills South A,Dwight School, 1-999999 001-34
Hemlock Road A,Dwight School, 1-999999 001-34
Henderson Road A,Fairfield Ludlowe High School, 1-999999 008-32
Henry Street A,Fairfield Ludlowe High School, 1-999999 008-32
Hersh Road A,St Pius School, 1-100 002-34
Hibiscus Street A,McKinley School, 1-999999 006-33
Hickory Lane A,Dwight School, 1-999999 001-34
High Circle Lane A,Fairfield Woods Middle School, 1-999999 003-32
High Court A,Holland Hill School, 1-999999 007-33
High Meadow Road A,Mill Hill School, 1-999999 010-32
High Point Lane A,Dwight School, 1-999999 001-34
High Ridge Road A,Fairfield Woods Middle School, 20-435 003-32
High Street E,Holland Hill School, 2-300 007-33
High Street E,McKinley School, 302-756 006-33
High Street E,McKinley School, 758-920 006-33
High Street E,McKinley School, 922-1020 006-33
High Street E,Fairfield Woods Middle School, 1022-1298 003-32
High Street O,Holland Hill School, 1-499 007-33
High Street O,McKinley School, 501-703 006-33
High Street O,Holland Hill School, 705-869 007-33
High Street O,Fairfield Woods Middle School, 871-1199 003-32
Highlawn Road A,Fairfield Woods Middle School, 1-999999 003-32
Hilary Circle A,St Pius School, 1-999999 002-34
Hill Brook Lane A,Dwight School, 1-999999 001-34
Hill Farm Road E,Dwight School, 160-790 001-34
Hill Farm Road O,Fairfield Ludlowe High School, 33-799 008-32
Hillandale Road A,Fairfield Warde High School, 1-999999 005-33
Hillcrest Road A,Fairfield Ludlowe High School, 1-999999 008-32
Hillside Road A,Fairfield Ludlowe High School, 1-181 008-32
Hillside Road A,Dwight School, 182-2698 001-34
Hilltop Drive A,Mill Hill School, 1-999999 010-32
Hitching Post Lane A,St Pius School, 1-999999 002-34
Holiday Road A,St Pius School, 1-999999 002-34
Holland Hill Road E,Holland Hill School, 2-460 007-33
Holland Hill Road E,Holland Hill School, 462-462 007-33
Holland Hill Road E,Holland Hill School, 464-768 007-33
Holland Hill Road E,Holland Hill School, 788-999998 007-33
Holland Hill Road O,Holland Hill School, 1-453 007-33
Holland Hill Road O,Holland Hill School, 847-1247 007-33
Hollis Street A,Sherman School, 1-999999 009-32
Hollow Tree Circle A,Dwight School, 1-999999 001-34
Holly Dale Road A,St Pius School, 1-999999 002-34
Home Fair Drive E,Stratfield School, 52-300 004-33
Home Fair Drive O,Fairfield Woods Middle School, 11-151 003-32
Home Fair Drive O,Fairfield Woods Middle School, 183-311 003-32
Home Street A,Holland Hill School, 1-999999 007-33
Homeland Street A,Stratfield School, 1-999999 004-33
Homestead Lane A,Dwight School, 1-999999 001-34
Honeysuckle Lane A,Holland Hill School, 1-999999 007-33
Horace Court A,Holland Hill School, 1-999999 007-33
Hornbeam Road A,Dwight School, 1-999999 001-34
Horseshoe Lane A,Dwight School, 1-999999 001-34
Howard Street A,Sherman School, 1-999999 009-32
Hoydens Hill Road A,Dwight School, 1-999999 001-34
Hoydens Lane A,Dwight School, 1-999999 001-34
Hubbell Lane A,Dwight School, 1-999999 001-34
Hulls Farm Road E,Dwight School, 138-1254 001-34
Hulls Farm Road O,Mill Hill School, 21-1159 010-32
Hulls Highway E,Mill Hill School, 2-404 010-32
Hulls Highway E,Mill Hill School, 438-620 010-32
Hulls Highway E,Mill Hill School, 730-1236 010-32
Hulls Highway O,Mill Hill School, 5-273 010-32
Hulls Highway O,Mill Hill School, 365-1115 010-32
Hulls Highway O,Mill Hill School, 1241-1241 010-32
Hunter Lane A,Fairfield Ludlowe High School, 1-999999 008-32
Hunter Road A,Fairfield Ludlowe High School, 1-999999 008-32
Hunyadi Avenue A,McKinley School, 1-999999 006-33
Hurd Street E,Sherman School, 18-250 009-32
Hurd Street O,Sherman School, 25-241 009-32
Indian Point Road A,Fairfield Woods Middle School, 1-999999 003-32
Ingleside Road A,Dwight School, 1-999999 001-34
Inwood Road A,Stratfield School, 1-999999 004-33
Ironside Road A,Dwight School, 1-999999 001-34
Ivy Lane A,Mill Hill School, 170-170 010-32
Ivy Lane O,Mill Hill School, 85-145 010-32
Jackman Avenue A,Stratfield School, 1-999999 004-33
Jackman Place A,Stratfield School, 1-999999 004-33
James Street A,Sherman School, 1-999999 009-32
Jarvis Court A,Sherman School, 1-999999 009-32
Jay Circle A,Fairfield Woods Middle School, 1-999999 003-32
Jefferson Street A,St Pius School, 1-999999 002-34
Jeniford Road A,Holland Hill School, 1-246 007-33
Jeniford Road A,Fairfield Woods Middle School, 259-499 003-32
Jennie Lane A,Dwight School, 1-999999 001-34
Jennings Road A,McKinley School, 1-720 006-33
Jennings Road E,McKinley School, 722-750 006-33
Jennings Road E,Holland Hill School, 752-960 007-33
Jennings Road E,Fairfield Woods Middle School, 962-1266 003-32
Jennings Road E,Holland Hill School, 1268-1898 007-33
Jennings Road O,Holland Hill School, 721-1899 007-33
Jessica Lane A,Dwight School, 1-999999 001-34
Joan Drive E,Dwight School, 2-220 001-34
Joan Drive E,St Pius School, 222-598 002-34
Joan Drive O,St Pius School, 1-599 002-34
John Street A,Mill Hill School, 1-999999 010-32
Judd Street A,Fairfield Woods Middle School, 1-999999 003-32
Judges Hollow Road A,Dwight School, 1-999999 001-34
Judson Road A,Sherman School, 1-999999 009-32
Juniper Lane A,Mill Hill School, 1-999999 010-32
Kalan Circle A,Fairfield Woods Middle School, 1-999999 003-32
Karen Street A,Holland Hill School, 1-999999 007-33
Katona Drive A,Fairfield Woods Middle School, 1-999999 003-32
Kenard Street A,McKinley School, 1-999999 006-33
Kenwood Avenue A,McKinley School, 1-999999 006-33
King Street A,Fairfield Warde High School, 1-999999 005-33
Kings Drive A,Mill Hill School, 1-999999 010-32
Kings Highway Cutoff A,McKinley School, 1-851 006-33
Kings Highway Cutoff A,Holland Hill School, 853-1498 007-33
Kings Highway East A,McKinley School, 1-1899 006-33
Kings Highway East E,Holland Hill School, 1900-2398 007-33
Kings Highway East O,McKinley School, 1901-2255 006-33
Kings Highway East O,Holland Hill School, 2257-2399 007-33
Kings Highway West A,Mill Hill School, 1-999999 010-32
Kinnie Drive A,Fairfield Ludlowe High School, 1-999999 008-32
Knapps Highway E,Fairfield Warde High School, 2-656 005-33
Knapps Highway E,McKinley School, 658-1098 006-33
Knapps Highway O,Fairfield Warde High School, 1-641 005-33
Knapps Highway O,McKinley School, 643-1099 006-33
Knapps Park Drive E,Fairfield Warde High School, 2-20 005-33
Knapps Park Drive O,Fairfield Warde High School, 1-999999 005-33
Knollwood Drive A,Fairfield Woods Middle School, 1-999999 003-32
Labbance Lane A,Dwight School, 1-999999 001-34
Lacey Lane A,Fairfield Ludlowe High School, 1-999999 008-32
Lagana Lane A,McKinley School, 1-999999 006-33
Lakeside Drive A,Fairfield Ludlowe High School, 1-999999 008-32
Lakeview Court A,Fairfield Woods Middle School, 1-999999 003-32
Lakeview Drive A,Fairfield Woods Middle School, 1-999999 003-32
Lakeview Place A,Fairfield Woods Middle School, 1-999999 003-32
Lakewood Drive A,St Pius School, 1-999999 002-34
Lalley Boulevard A,Sherman School, 1-999999 009-32
Lamplighter Lane A,St Pius School, 1-999999 002-34
Lampwick Lane A,Dwight School, 1-999999 001-34
Lancelot Road A,Dwight School, 1-999999 001-34
Lantern Road A,Fairfield Ludlowe High School, 1-999999 008-32
Larbert Road A,Mill Hill School, 1-999999 010-32
Larkspur Road A,Fairfield Woods Middle School, 1-999999 003-32
Laurel Street A,McKinley School, 1-999999 006-33
Laurelbrook Lane A,Dwight School, 1-999999 001-34
Lawrence Road A,Fairfield Ludlowe High School, 1-999999 008-32
Lazlo Terrace A,Fairfield Warde High School, 1-999999 005-33
Lee Drive A,Mill Hill School, 1-999999 010-32
Lemon Court A,Fairfield Woods Middle School, 25-45 003-32
Lenox Road A,Fairfield Warde High School, 1-386 005-33
Lenox Road A,Fairfield Warde High School, 409-475 005-33
Leslie Lane A,Dwight School, 1-999999 001-34
Lewis Drive A,Fairfield Warde High School, 1-999999 005-33
Lighthouse Point A,Sherman School, 1-999999 009-32
Lilac Lane A,St Pius School, 1-999999 002-34
Lilalyn Drive A,Stratfield School, 1-999999 004-33
Limerick Road A,Fairfield Ludlowe High School, 1-999999 008-32
Lind Street A,Sherman School, 1-999999 009-32
Lindamir Lane A,St Pius School, 1-999999 002-34
Lindbergh Court A,Mill Hill School, 1-999999 010-32
Lindbergh Street A,Mill Hill School, 1-999999 010-32
Linley Drive A,Fairfield Warde High School, 1-999999 005-33
Linwood Avenue A,Fairfield Ludlowe High School, 1-999999 008-32
Lisbon Drive A,Stratfield School, 1-999999 004-33
Little Brook Road A,Fairfield Warde High School, 1-999999 005-33
Livingston Street E,Stratfield School, 40-40 004-33
Livingston Street O,Stratfield School, 25-125 004-33
Lloyd Drive E,Stratfield School, 22-260 004-33
Lloyd Drive O,Fairfield Woods Middle School, 9-57 003-32
Lloyd Drive O,Stratfield School, 73-111 004-33
Lloyd Drive O,St Pius School, 135-257 002-34
Lloyd Place E,St Pius School, 2-98 002-34
Lloyd Place O,Stratfield School, 1-99 004-33
Lockwood Circle A,Stratfield School, 1-999999 004-33
Lockwood Road A,Stratfield School, 15-320 004-33
Lockwood Road A,Stratfield School, 321-518 004-33
Lola Street E,Stratfield School, 2-198 004-33
Lola Street O,Fairfield Warde High School, 1-99 005-33
London Terrace A,Stratfield School, 1-999999 004-33
Long Meadow Road A,Dwight School, 1-999999 001-34
Longdean Road A,Sherman School, 1-999999 009-32
Longfellow Avenue A,McKinley School, 1-999999 006-33
Longview Avenue E,McKinley School, 2-298 006-33
Longview Avenue O,Holland Hill School, 1-299 007-33
Lookout Drive North A,Fairfield Warde High School, 1-999999 005-33
Lookout Drive South A,Fairfield Warde High School, 1-999999 005-33
Lota Drive A,Fairfield Woods Middle School, 1-999999 003-32
Lounsbury Road A,St Pius School, 1-999999 002-34
Louvain Street A,Stratfield School, 1-999999 004-33
Lovers Lane A,Holland Hill School, 1-999999 007-33
Lu Manor Drive A,Stratfield School, 1-999999 004-33
Lucille Street A,Stratfield School, 10-272 004-33
Lucille Street A,Fairfield Woods Middle School, 327-438 003-32
Ludlowe Court A,Fairfield Ludlowe High School, 1-999999 008-32
Ludlowe Road A,Fairfield Ludlowe High School, 1-999999 008-32
Lyman Lane A,Dwight School, 1-999999 001-34
Lynnbrook Road A,Fairfield Warde High School, 1-999999 005-33
Madison Hill A,Dwight School, 1-999999 001-34
Mailands Road A,Fairfield Woods Middle School, 1-999999 003-32
Main Street A,Mill Hill School, 1-999999 010-32
Maple Drive A,Fairfield Ludlowe High School, 1-999999 008-32
Margemere Drive A,St Pius School, 1-999999 002-34
Marian Road A,Fairfield Warde High School, 1-999999 005-33
Mariners Way A,Sherman School, 1-999999 009-32
Marlborough Terrace A,Fairfield Warde High School, 1-999999 005-33
Marne Avenue E,Stratfield School, 2-198 004-33
Marne Avenue O,Fairfield Warde High School, 1-199 005-33
Marsh Drive E,Fairfield Woods Middle School, 48-122 003-32
Marsh Drive O,Holland Hill School, 51-51 007-33
Marsh Drive O,Fairfield Woods Middle School, 115-115 003-32
Martingale Lane A,Dwight School, 1-999999 001-34
Maryland Street A,McKinley School, 1-999999 006-33
Mason Street A,McKinley School, 1-999999 006-33
Massachusetts Avenue A,McKinley School, 1-999999 006-33
Matilda Place A,Fairfield Ludlowe High School, 1-999999 008-32
May Street A,McKinley School, 1-999999 006-33
Mayfair Road E,Fairfield Woods Middle School, 28-288 003-32
Mayfair Road O,Fairfield Woods Middle School, 55-115 003-32
Mayfair Road O,Fairfield Woods Middle School, 145-257 003-34
Mayflower Circle A,Fairfield Woods Middle School, 1-999999 003-32
Mayweed Road A,Holland Hill School, 1-999999 007-33
Meadow Court A,Sherman School, 1-999999 009-32
Meadow Ridge Road A,Fairfield Ludlowe High School, 1-999999 008-32
Meadow Street A,McKinley School, 1-999999 006-33
Meadowbrook Road E,Holland Hill School, 12-80 007-33
Meadowbrook Road E,Holland Hill School, 224-452 007-33
Meadowbrook Road O,Holland Hill School, 13-77 007-33
Meadowbrook Road O,Holland Hill School, 237-451 007-33
Meadowcrest Drive A,Stratfield School, 1-999999 004-33
Meadowcroft Road E,Fairfield Woods Middle School, 18-192 003-32
Meadowcroft Road O,Holland Hill School, 7-205 007-33
Meeting House Lane A,Dwight School, 1-999999 001-34
Melin Drive A,Dwight School, 1-999999 001-34
Mellow Street A,Sherman School, 1-999999 009-32
Melody Court A,Fairfield Woods Middle School, 1-999999 003-32
Melody Lane A,Fairfield Woods Middle School, 1-999999 003-32
Melville Avenue A,Fairfield Warde High School, 1-1520 005-33
Melville Avenue A,Stratfield School, 1521-1799 004-33
Melville Drive A,Fairfield Warde High School, 1-999999 005-33
Memory Lane A,Holland Hill School, 1-999999 007-33
Merritt Street A,Stratfield School, 1-999999 004-33
Merry Meet Circle A,Dwight School, 1-999999 001-34
Merton Street A,Fairfield Ludlowe High School, 1-999999 008-32
Merwins Lane A,Dwight School, 1-999999 001-34
Michaela Circle A,Sherman School, 1-999999 009-32
Middlebrook Drive A,Fairfield Ludlowe High School, 1-999999 008-32
Middlebrook Place A,Fairfield Ludlowe High School, 1-999999 008-32
Midlock Road A,Dwight School, 1-999999 001-34
Milandale Road E,McKinley School, 2-84 006-33
Milandale Road E,Holland Hill School, 86-198 007-33
Milandale Road O,Holland Hill School, 1-199 007-33
Mile Common A,Dwight School, 219-319 001-34
Mill Hill Drive A,Mill Hill School, 1-999999 010-32
Mill Hill Lane A,Mill Hill School, 1-999999 010-32
Mill Hill Road A,Mill Hill School, 141-550 010-32
Mill Hill Road E,Fairfield Ludlowe High School, 2-140 008-32
Mill Hill Road E,Fairfield Ludlowe High School, 554-1598 008-32
Mill Hill Road O,Mill Hill School, 1-139 010-32
Mill Hill Road O,Mill Hill School, 555-1599 010-32
Mill Hill Terrace A,Fairfield Ludlowe High School, 1-100 008-32
Mill Hill Terrace E,Fairfield Ludlowe High School, 102-544 008-32
Mill Hill Terrace E,Mill Hill School, 546-999998 010-32
Mill Hill Terrace O,Mill Hill School, 101-999999 010-32
Mill Plain Road A,Fairfield Ludlowe High School, 1-1974 008-32
Mill Plain Road E,Fairfield Woods Middle School, 1976-2024 003-32
Mill Plain Road E,Fairfield Ludlowe High School, 2026-2274 008-32
Mill Plain Road E,St Pius School, 2276-2598 002-34
Mill Plain Road O,Fairfield Ludlowe High School, 1975-2599 008-32
Mill River Road A,Fairfield Ludlowe High School, 1-999999 008-32
Millard Street A,Sherman School, 1-999999 009-32
Millbank Road A,Dwight School, 1-999999 001-34
Miller Street A,Fairfield Ludlowe High School, 1-999999 008-32
Millspaugh Drive A,Fairfield Ludlowe High School, 1-999999 008-32
Milton Street A,Sherman School, 1-999999 009-32
Mine Hill Road A,Dwight School, 1-999999 001-34
Miro Street E,Fairfield Warde High School, 2-60 005-33
Miro Street E,Fairfield Woods Middle School, 68-250 003-32
Miro Street O,Fairfield Woods Middle School, 7-191 003-32
Misty Wood Lane A,Dwight School, 1-999999 001-34
Mohican Hill Road A,St Pius School, 1-999999 002-34
Mona Terrace A,Sherman School, 1-999999 009-32
Montauk Street A,Fairfield Warde High School, 1-999999 005-33
Moody Avenue A,Fairfield Warde High School, 1-999999 005-33
Morehouse Drive A,St Pius School, 1-280 002-34
Morehouse Drive A,St Pius School, 320-320 002-34
Morehouse Highway E,Stratfield School, 2-390 004-33
Morehouse Highway E,Fairfield Woods Middle School, 392-700 003-32
Morehouse Highway E,St Pius School, 702-1798 002-34
Morehouse Highway E,Dwight School, 1800-3698 001-34
Morehouse Highway O,Stratfield School, 1-309 004-33
Morehouse Highway O,Fairfield Woods Middle School, 311-979 003-32
Morehouse Highway O,St Pius School, 981-1729 002-34
Morehouse Highway O,Dwight School, 1731-3699 001-34
Morehouse Lane A,Mill Hill School, 1-199 010-32
Morehouse Lane A,Dwight School, 201-898 001-34
Moritz Place A,Fairfield Woods Middle School, 1-999999 003-32
Morning Dew Circle A,Dwight School, 1-999999 001-34
Mountain Laurel Road A,St Pius School, 1-999999 002-34
Mulberry Hill Road A,Dwight School, 1-999999 001-34
Myren Street A,Sherman School, 1-999999 009-32
Narrow Street A,Sherman School, 1-999999 009-32
Nathan Hale Street A,McKinley School, 1-999999 006-33
Nelson Place A,Fairfield Warde High School, 1-999999 005-33
Nepas Road A,St Pius School, 1-999999 002-34
New England Avenue A,McKinley School, 1-330 006-33
New England Avenue E,Holland Hill School, 332-398 007-33
New England Avenue O,McKinley School, 331-399 006-33
New Hampshire Avenue A,McKinley School, 1-999999 006-33
New Street A,Fairfield Warde High School, 1-999999 005-33
Newell Place A,Sherman School, 1-999999 009-32
Newman Place A,Fairfield Warde High School, 1-999999 005-33
Newport Place A,Fairfield Woods Middle School, 1-999999 003-32
Newton Street A,Holland Hill School, 1-999999 007-33
Nichols Avenue A,Fairfield Warde High School, 1-999999 005-33
Nichols Street E,Sherman School, 50-188 009-32
Nichols Street E,Sherman School, 208-240 009-32
Nichols Street O,Sherman School, 43-187 009-32
Nichols Street O,Sherman School, 209-249 009-32
Nonopoge Road A,St Pius School, 1-999999 002-34
Norcliff Lane A,Sherman School, 1-999999 009-32
Nordstrand Avenue A,Fairfield Warde High School, 1-999999 005-33
North Benson Road E,Holland Hill School, 2-1220 007-33
North Benson Road E,Fairfield Woods Middle School, 1222-1812 003-32
North Benson Road E,Fairfield Woods Middle School, 1814-2340 003-34
North Benson Road E,St Pius School, 2342-2598 002-34
North Benson Road O,Fairfield Ludlowe High School, 1-599 008-32
North Benson Road O,Holland Hill School, 601-1471 007-33
North Benson Road O,Fairfield Woods Middle School, 1473-1727 003-32
North Benson Road O,St Pius School, 1729-2599 002-34
North Cedar Road A,Fairfield Ludlowe High School, 1-999999 008-32
North Pine Creek Road A,Fairfield Ludlowe High School, 1-999999 008-32
North Street E,Dwight School, 1960-3756 001-34
North Street O,Dwight School, 1475-1775 001-34
North Street O,Dwight School, 1945-9999 001-34
Northfield Road A,Mill Hill School, 1-999999 010-32
Northwood Road A,Stratfield School, 1-999999 004-33
Norwegian Woods A,Fairfield Woods Middle School, 1-999999 003-34
Noyes Road A,Fairfield Ludlowe High School, 1-999999 008-32
Nutmeg Lane A,Fairfield Woods Middle School, 17-325 003-32
Oak Bluff Road A,Stratfield School, 1-999999 004-33
Oakwood Drive E,Fairfield Woods Middle School, 2-398 003-32
Oakwood Drive O,McKinley School, 1-399 006-33
Ocean Reef Drive A,Sherman School, 1-999999 009-32
Old Academy Road A,Dwight School, 1-999999 001-34
Old Barn Road A,Fairfield Ludlowe High School, 1-999999 008-32
Old Black Rock Turnpike A,Fairfield Woods Middle School, 1-999999 003-32
Old Coach Road A,St Pius School, 1-999999 002-34
Old Dam Road E,Mill Hill School, 2-598 010-32
Old Dam Road O,Sherman School, 1-599 009-32
Old Dam Road East A,Sherman School, 1-999999 009-32
Old Elm Road A,St Pius School, 1-999999 002-34
Old Farm Lane A,Fairfield Warde High School, 1-999999 005-33
Old Farm Road A,Fairfield Warde High School, 1-999999 005-33
Old Hickory Road A,Dwight School, 1-999999 001-34
Old Meadow Lane A,Mill Hill School, 1-999999 010-32
Old Mill Road A,Fairfield Ludlowe High School, 1-999999 008-32
Old Oaks Road A,Fairfield Warde High School, 1-999999 005-33
Old Orchard Park A,Sherman School, 1-999999 009-32
Old Post Road E,Holland Hill School, 86-310 007-33
Old Post Road E,Sherman School, 360-1080 009-32
Old Post Road O,Holland Hill School, 85-323 007-33
Old Post Road O,Sherman School, 363-1047 009-32
Old Post Road (Southport) A,Mill Hill School, 35-411 010-32
Old South Road A,Mill Hill School, 1-999999 010-32
Old Spring Road A,Holland Hill School, 1-999999 007-33
Old Stratfield Road A,Fairfield Warde High School, 1-471 005-33
Old Stratfield Road A,McKinley School, 473-898 006-33
Oldfield Drive A,Sherman School, 1-999999 009-32
Oldfield Road A,Sherman School, 1-741 009-32
Oldfield Road E,Mill Hill School, 742-1298 010-32
Oldfield Road O,Sherman School, 743-991 009-32
Oldfield Road O,Mill Hill School, 993-1299 010-32
Oliva Place A,Fairfield Woods Middle School, 12-35 003-32
One Rod Highway A,Sherman School, 1-999999 009-32
Open Gate Lane A,Mill Hill School, 1-999999 010-32
Orange Street A,Fairfield Ludlowe High School, 1-999999 008-32
Orchard Hill Drive E,St Pius School, 24-198 002-34
Orchard Hill Drive O,Fairfield Woods Middle School, 1-205 003-32
Orchard Hill Lane A,Fairfield Woods Middle School, 1-101 003-32
Orchard Hill Lane E,St Pius School, 102-498 002-34
Orchard Hill Lane O,Fairfield Woods Middle School, 103-227 003-32
Orchard Hill Lane O,Fairfield Ludlowe High School, 229-435 008-32
Orchard Hill Lane O,St Pius School, 437-455 002-34
Oriole Lane A,St Pius School, 1-999999 002-34
Osborne Hill Road E,Fairfield Woods Middle School, 20-276 003-32
Osborne Hill Road O,Holland Hill School, 83-315 007-33
Osborne Lane A,Mill Hill School, 1-999999 010-32
Osborne Place A,Mill Hill School, 1-999999 010-32
Overhill Road A,Mill Hill School, 1-999999 010-32
Overlook Avenue A,McKinley School, 1-999999 006-33
Oxbow Road A,St Pius School, 1-999999 002-34
Oxford Place A,Mill Hill School, 1-999999 010-32
Oxford Road A,Mill Hill School, 1-999999 010-32
Oyster Road A,Sherman School, 1-999999 009-32
Paddock Hill Lane A,Dwight School, 1-999999 001-34
Paisley Lane A,Stratfield School, 1-999999 004-33
Palamar Drive A,Fairfield Woods Middle School, 15-999999 003-32
Palm Drive A,Fairfield Woods Middle School, 1-999999 003-32
Palmer Bridge A,Dwight School, 1-999999 001-34
Pansy Circle A,Fairfield Woods Middle School, 1-99999 003-34
Pansy Road E,St Pius School, 2-398 002-34
Pansy Road O,Fairfield Woods Middle School, 1-125 003-34
Pansy Road O,St Pius School, 127-399 002-34
Papermill Lane A,Fairfield Ludlowe High School, 1-999999 008-32
Papurah Road A,St Pius School, 1-999999 002-34
Park Avenue O,Stratfield School, 2995-4203 004-33
Park Avenue O,St Pius School, 4225-5999 002-34
Park Drive A,Fairfield Warde High School, 1-999999 005-33
Park Square Court A,Fairfield Warde High School, 1-999999 005-33
Parkway A,Sherman School, 1-999999 009-32
Parkwood Road A,Holland Hill School, 1-999999 007-33
Partridge Lane A,Fairfield Ludlowe High School, 1-999999 008-32
Patricia Circle A,St Pius School, 1-99999 002-34
Patrick Drive A,Mill Hill School, 1-999999 010-32
Paul Place A,Sherman School, 1-999999 009-32
Paulding Street A,Sherman School, 1-999999 009-32
Pease Avenue A,Mill Hill School, 1-999999 010-32
Pell Meadow Drive A,Fairfield Ludlowe High School, 1-999999 008-32
Pemburn Drive A,Fairfield Woods Middle School, 1-999999 003-32
Penfield Place A,Sherman School, 1-999999 009-32
Penfield Road A,Sherman School, 1-999999 009-32
Penny Lane A,Fairfield Woods Middle School, 1-999999 003-34
Pent Highway A,Mill Hill School, 1-999999 010-32
Pepperbush Lane A,Fairfield Woods Middle School, 1-999999 003-32
Pepperidge Circle A,Fairfield Woods Middle School, 1-999999 003-32
Pequot Avenue A,Mill Hill School, 1-999999 010-32
Pequot Court A,Mill Hill School, 1-999999 010-32
Pequot Road A,Fairfield Warde High School, 1-999999 005-33
Perry Street A,Fairfield Ludlowe High School, 1-999999 008-32
Peter Court A,Sherman School, 1-999999 009-32
Pheasant Lane A,St Pius School, 1-999999 002-34
Philemon Street E,Fairfield Warde High School, 2-198 005-33
Philemon Street O,Fairfield Warde High School, 1-61 005-33
Philemon Street O,Stratfield School, 63-199 004-33
Phyfe Road A,Fairfield Ludlowe High School, 1-999999 008-32
Pickwick Street A,Fairfield Warde High School, 1-999999 005-33
Pierce Street A,McKinley School, 1-999999 006-33
Pilgrim Lane A,Sherman School, 1-999999 009-32
Pine Creek Avenue A,Mill Hill School, 1-999999 010-32
Pine Ridge Road A,Stratfield School, 1-999999 004-33
Pine Tree Lane E,Fairfield Woods Middle School, 2-999998 003-32
Pine Tree Lane O,Fairfield Warde High School, 1-999999 005-33
Pioneer Lane A,Fairfield Warde High School, 1-999999 005-33
Pleszko Place A,Mill Hill School, 1-999999 010-32
Plum Street A,McKinley School, 1-999999 006-33
Poe Court A,McKinley School, 1-999999 006-33
Pompano Place A,Fairfield Woods Middle School, 1-999999 003-32
Pond Street A,Stratfield School, 1-999999 004-33
Ponuncamo Road A,St Pius School, 1-999999 002-34
Pope Street A,Fairfield Warde High School, 1-999999 005-33
Post Road E,McKinley School, 2-60 006-33
Post Road E,Holland Hill School, 62-840 007-33
Post Road E,Fairfield Ludlowe High School, 842-2736 008-32
Post Road E,Mill Hill School, 2738-3552 010-32
Post Road O,Holland Hill School, 1-841 007-33
Post Road O,Sherman School, 843-1667 009-32
Post Road O,Mill Hill School, 1669-3539 010-32
Potters Lane A,St Pius School, 1-999999 002-34
Powder Horn Lane A,Fairfield Ludlowe High School, 1-999999 008-32
Pratt Street A,Sherman School, 1-999999 009-32
Primrose Lane A,St Pius School, 1-999999 002-34
Prince Street A,McKinley School, 1-999999 006-33
Princess Pine Lane A,Dwight School, 1-999999 001-34
Prospect Avenue A,Stratfield School, 1-999999 004-33
Prospect Lane A,Mill Hill School, 1-999999 010-32
Puritan Road A,Sherman School, 1-999999 009-32
Putting Green Road E,St Pius School, 58-318 002-34
Putting Green Road O,Stratfield School, 19-321 004-33
Quail Run Circle A,Dwight School, 1-999999 001-34
Quaker Lane A,Holland Hill School, 1-999999 007-33
Quarter Horse Lane A,Dwight School, 1-999999 001-34
Queens Grant Drive A,Dwight School, 1-999999 001-34
Queens Grant Lane A,Dwight School, 1-999999 001-34
Queens Grant Road A,Dwight School, 1-999999 001-34
Querida Street A,Fairfield Warde High School, 1-999999 005-33
Quincy Street A,Sherman School, 1-999999 009-32
Rakoczy Avenue A,McKinley School, 1-999999 006-33
Random Road A,Stratfield School, 1-999999 004-33
Range Road E,Mill Hill School, 60-260 010-32
Range Road O,Mill Hill School, 55-245 010-32
Raymonds Circle A,McKinley School, 1-999999 006-33
Raymonds Drive A,McKinley School, 1-999999 006-33
Red Oak Road A,Dwight School, 1-999999 001-34
Redding Road A,Dwight School, 1-999999 001-34
Redfield Road A,Fairfield Ludlowe High School, 1-999999 008-32
Reef Court A,Sherman School, 1-999999 009-32
Reef Road E,Sherman School, 20-50 009-32
Reef Road E,Sherman School, 70-990 009-32
Reef Road E,Sherman School, 1004-1160 009-32
Reef Road O,Sherman School, 77-1109 009-32
Reid Street E,Fairfield Woods Middle School, 20-472 003-32
Reid Street E,Fairfield Woods Middle School, 500-670 003-34
Reid Street O,Fairfield Woods Middle School, 35-477 003-32
Reid Street O,Fairfield Woods Middle School, 537-695 003-32
Rena Place A,Stratfield School, 1-999999 004-33
Renchy Street A,McKinley School, 1-999999 006-33
Rennell Drive A,Mill Hill School, 1-999999 010-32
Renwick Drive A,Fairfield Warde High School, 1-999999 005-33
Revere Lane A,Dwight School, 1-99999 001-34
Reynolds Drive E,McKinley School, 2-198 006-33
Reynolds Drive O,Holland Hill School, 1-199 007-33
Rhoda Avenue A,Sherman School, 1-999999 009-32
Rhode Island Avenue A,McKinley School, 1-999999 006-33
Richard Place A,St Pius School, 1-999999 002-34
Richard White Way A,Sherman School, 60-60 009-32
Riders Lane A,Dwight School, 1-999999 001-34
Ridge Common A,Dwight School, 1-999999 001-34
Ridgedale Road E,Fairfield Woods Middle School, 2-198 003-34
Ridgedale Road O,St Pius School, 1-199 002-34
Ridgeley Avenue A,Fairfield Warde High School, 1-999999 005-33
Ridgeview Avenue A,Stratfield School, 1-999999 004-33
Rifle Road A,Fairfield Ludlowe High School, 1-999999 008-32
Risley Road A,Mill Hill School, 1-999999 010-32
Rita Avenue A,Mill Hill School, 1-999999 010-32
River Lane A,Mill Hill School, 1-999999 010-32
River Street A,Mill Hill School, 1-999999 010-32
Riverfield Drive A,Fairfield Ludlowe High School, 1-999999 008-32
Riverside Drive E,Holland Hill School, 28-896 007-33
Riverside Drive O,Holland Hill School, 25-661 007-33
Riverside Drive O,Sherman School, 697-897 009-32
Riverview Circle A,Fairfield Ludlowe High School, 1-999999 008-32
Roanoke Avenue A,McKinley School, 1-999999 006-33
Robert Court A,Fairfield Ludlowe High School, 1-999999 008-32
Robert Lane A,Fairfield Ludlowe High School, 1-999999 008-32
Roberton Crossing A,Stratfield School, 1-999999 004-33
Robin Circle A,Fairfield Woods Middle School, 1-999999 003-32
Robin Lane A,Fairfield Woods Middle School, 9-266 003-32
Robson Place A,Holland Hill School, 1-999999 007-33
Rock Major Road A,Fairfield Woods Middle School, 1-999999 003-32
Rock Ridge Road A,St Pius School, 1-999999 002-34
Rockland Road E,Stratfield School, 68-78 004-33
Rockland Road E,Stratfield School, 116-210 004-33
Rockland Road O,Stratfield School, 3-81 004-33
Rockland Road O,Stratfield School, 107-193 004-33
Rockview Road A,Mill Hill School, 1-999999 010-32
Rodgers Road E,Holland Hill School, 20-130 007-33
Rodgers Road O,McKinley School, 11-109 006-33
Rolling Hills Drive A,Dwight School, 1-999999 001-34
Rolling Ridge Road A,St Pius School, 1-999999 002-34
Romanock Place A,St Pius School, 1-999999 002-34
Romanock Road A,St Pius School, 1-999999 002-34
Ronald Drive A,Fairfield Woods Middle School, 1-999999 003-32
Rose Hill Road A,Mill Hill School, 1-999999 010-32
Rosedale Street E,Holland Hill School, 2-198 007-33
Rosedale Street O,McKinley School, 1-69 006-33
Rosedale Street O,Holland Hill School, 71-199 007-33
Roselle Street A,Fairfield Warde High School, 1-999999 005-33
Rosemere Avenue A,Stratfield School, 1-999999 004-33
Roseville Street A,McKinley School, 1-999999 006-33
Roseville Terrace A,McKinley School, 1-999999 006-33
Ross Hill Road E,Fairfield Ludlowe High School, 2-298 008-32
Ross Hill Road O,Fairfield Woods Middle School, 1-299 003-32
Round Hill Drive A,Fairfield Ludlowe High School, 1-999999 008-32
Round Hill Road A,Fairfield Ludlowe High School, 1-599 008-32
Round Hill Road E,Holland Hill School, 600-1320 007-33
Round Hill Road E,Fairfield Woods Middle School, 1322-1354 003-32
Round Hill Road E,Fairfield Ludlowe High School, 1356-1698 008-32
Round Hill Road O,Fairfield Ludlowe High School, 601-1699 008-32
Rowland Road A,Sherman School, 1-999999 009-32
Royal Avenue A,McKinley School, 1-999999 006-33
Ruane Street E,Mill Hill School, 2-428 010-32
Ruane Street E,Sherman School, 430-498 009-32
Ruane Street O,Sherman School, 1-499 009-32
Rugby Road A,Mill Hill School, 1-999999 010-32
Running Brook Circle A,Fairfield Woods Middle School, 1-999999 003-32
Rutland Avenue A,McKinley School, 1-999999 006-33
Ryegate Road A,Fairfield Ludlowe High School, 1-999999 008-32
Sachem Road A,Fairfield Warde High School, 1-999999 005-33
Saddle View Court E,Stratfield School, 30-30 004-33
Saddle View Court O,Fairfield Woods Middle School, 35-35 003-32
Saddle View Road E,Stratfield School, 48-48 004-33
Saddle View Road E,Fairfield Woods Middle School, 80-120 003-32
Saddle View Road O,Fairfield Woods Middle School, 41-85 003-32
Salem Road A,Dwight School, 1-999999 001-34
Salt Meadow Road A,Sherman School, 1-999999 009-32
Samp Mortar Drive E,Fairfield Woods Middle School, 2-346 003-32
Samp Mortar Drive E,St Pius School, 348-430 002-34
Samp Mortar Drive O,St Pius School, 1-417 002-34
Samuel Lane A,Fairfield Ludlowe High School, 1-999999 008-32
Sandy Way A,Sherman School, 1-999999 009-32
Sanford Street A,Fairfield Ludlowe High School, 1-999999 008-32
Sasapequan Place A,Fairfield Woods Middle School, 1-999999 003-32
Sasapequan Road A,Fairfield Woods Middle School, 1-999999 003-32
Sasco Hill Road A,Mill Hill School, 1-999999 010-32
Sasco Hill Terrace A,Mill Hill School, 1-999999 010-32
Sasco Point A,Mill Hill School, 1-999999 010-32
Sasco River Lane A,Mill Hill School, 1-999999 010-32
Saum Court A,Fairfield Ludlowe High School, 1-999999 008-32
Saw Mill Road A,Dwight School, 1-999999 001-34
Sawyer Road A,McKinley School, 1-999999 006-33
Saxonwood Road A,St Pius School, 1-999999 002-34
Schiller Road A,St Pius School, 1-999999 002-34
School Street E,McKinley School, 6-218 006-33
School Street O,McKinley School, 5-79 006-33
School Street O,McKinley School, 91-233 006-33
Sconset Drive A,Fairfield Ludlowe High School, 1-999999 008-32
Second Street A,Fairfield Warde High School, 1-999999 005-33
Sedan Terrace A,Fairfield Warde High School, 1-999999 005-33
Senate Lane A,Dwight School, 1-999999 001-34
Senese Drive A,St Pius School, 1-999999 002-34
Senior Place A,Fairfield Warde High School, 1-999999 005-33
September Place A,Fairfield Woods Middle School, 1-999999 003-34
Shadowood Road A,Fairfield Ludlowe High School, 1-999999 008-32
Shady Brook Road A,St Pius School, 1-999999 002-34
Shady Hill Road A,St Pius School, 1-999999 002-34
Shagbark Lane A,Fairfield Woods Middle School, 1-999999 003-32
Shalimar Lane A,Fairfield Woods Middle School, 1-999999 003-32
Shelter Rock Road A,Fairfield Woods Middle School, 1-999999 003-32
Shepard Street A,McKinley School, 1-999999 006-33
Sherley Place A,Stratfield School, 1-999999 004-33
Sherman Court A,Sherman School, 1-999999 009-32
Sherman Street E,Sherman School, 20-140 009-32
Sherman Street E,Sherman School, 190-232 009-32
Sherman Street O,Sherman School, 11-257 009-32
Sherman Street West A,Sherman School, 1-999999 009-32
Sherwood Drive A,Fairfield Ludlowe High School, 1-999999 008-32
Sherwood Farm Road A,Fairfield Ludlowe High School, 1-999999 008-32
Sherwood Place A,Mill Hill School, 1-999999 010-32
Shetland Road A,Dwight School, 1-999999 001-34
Shoreham Terrace A,Holland Hill School, 1-999999 007-33
Shoreham Village Drive A,Holland Hill School, 1-999999 007-33
Short Hill Lane A,Fairfield Woods Middle School, 1-999999 003-32
Shrub Oak Lane A,Dwight School, 1-999999 001-34
Siacus Place A,St Pius School, 1-999999 002-34
Sigwin Drive E,Holland Hill School, 2-214 007-33
Sigwin Drive E,Fairfield Woods Middle School, 216-398 003-32
Sigwin Drive O,Fairfield Woods Middle School, 1-399 003-32
Silliman Street A,McKinley School, 1-999999 006-33
Silver Circle A,Fairfield Warde High School, 1-999999 005-33
Silver Spring Road A,Dwight School, 1-999999 001-34
Sky Top Drive E,St Pius School, 10-220 002-34
Sky Top Drive E,Stratfield School, 370-460 004-33
Sky Top Drive O,Stratfield School, 33-461 004-33
Sky Top Terrace A,Stratfield School, 1-999999 004-33
Sleepy Hollow Road A,Fairfield Woods Middle School, 1-999999 003-32
Smedley Road A,Holland Hill School, 1-999999 007-33
Smith Street A,Sherman School, 1-999999 009-32
Somerset Avenue A,Fairfield Ludlowe High School, 1-999999 008-32
Somerville Street A,Sherman School, 1-999999 009-32
Soundview Avenue A,McKinley School, 1-999999 006-33
South Benson Common A,Holland Hill School, 1-999999 007-33
South Benson Road E,Sherman School, 110-880 009-32
South Benson Road O,Holland Hill School, 25-321 007-33
South Benson Road O,Sherman School, 353-875 009-32
South Gate Lane A,Mill Hill School, 1-999999 010-32
South Pine Creek Court A,Mill Hill School, 1-999999 010-32
South Pine Creek Road A,Mill Hill School, 1-491 010-32
South Pine Creek Road E,Mill Hill School, 492-1498 010-32
South Pine Creek Road O,Sherman School, 493-1199 009-32
South Pine Creek Road O,Mill Hill School, 1201-1499 010-32
South Renwick Drive A,Fairfield Warde High School, 1-999999 005-33
South Street A,Mill Hill School, 1-999999 010-32
Southfield Road A,Mill Hill School, 1-999999 010-32
Southport Green A,Mill Hill School, 1-999999 010-32
Southport Place A,Mill Hill School, 30-74 010-32
Southport Ridge A,Mill Hill School, 1-999999 010-32
Southport Terrace A,Sherman School, 1-999999 009-32
Southport Woods Drive A,Mill Hill School, 1-999999 010-32
Southwood Road A,Stratfield School, 1-999999 004-33
Spinning Wheel Road A,Mill Hill School, 1-999999 010-32
Split Rock Road A,Mill Hill School, 1-999999 010-32
Spring Hill Road A,Dwight School, 1-999999 001-34
Spring House Road A,Dwight School, 1-99999 001-34
Spring Valley Road A,St Pius School, 1-999999 002-34
Springer Road A,St Pius School, 1-999999 002-34
Spruce Street A,Mill Hill School, 1-999999 010-32
St. Marc Lane A,Fairfield Ludlowe High School, 1-999999 008-32
Station Street A,Mill Hill School, 1-999999 010-32
Steep Hill Road A,Mill Hill School, 1-999999 010-32
Steiner Street A,Fairfield Woods Middle School, 31-345 003-32
Stella Lane A,Dwight School, 1-999999 001-34
Stephens Lane E,McKinley School, 70-170 006-33
Stephens Lane E,McKinley School, 172-298 006-33
Stephens Lane O,McKinley School, 115-115 006-33
Sterling Street A,McKinley School, 1-999999 006-33
Stevenson Road A,St Pius School, 1-999999 002-34
Steward Hill Circle A,Dwight School, 1-999999 001-34
Still Meadow Road A,St Pius School, 1-999999 002-34
Stillson Place A,Fairfield Woods Middle School, 1-999999 003-32
Stillson Road A,Fairfield Woods Middle School, 1-299 003-32
Stillson Road A,St Pius School, 950-1599 002-34
Stillson Road E,St Pius School, 300-710 002-34
Stillson Road E,Fairfield Woods Middle School, 712-948 003-34
Stillson Road O,Fairfield Woods Middle School, 301-699 003-32
Stillson Road O,Fairfield Woods Middle School, 701-949 003-34
Stirrup Hill Road A,Dwight School, 1-999999 001-34
Stone Ridge Way A,McKinley School, 50-100 006-33
Stoneleigh Road A,Stratfield School, 1-999999 004-33
Stoneleigh Square A,Stratfield School, 1-999999 004-33
Stonewall Lane A,Dwight School, 1-999999 001-34
Stonybrook Road A,Fairfield Woods Middle School, 12-330 003-32
Stratfield Road E,Fairfield Warde High School, 2-358 005-33
Stratfield Road E,Stratfield School, 360-988 004-33
Stratfield Road E,Fairfield Warde High School, 990-1380 005-33
Stratfield Road E,Stratfield School, 1382-2298 004-33
Stratfield Road O,Fairfield Warde High School, 1-1255 005-33
Stratfield Road O,Stratfield School, 1257-2299 004-33
Stroll Rock Common A,St Pius School, 1-999999 002-34
Sturbridge Lane A,Mill Hill School, 1-999999 010-32
Sturges Highway E,Dwight School, 2-3500 001-34
Sturges Road A,Fairfield Ludlowe High School, 1-999999 008-32
Suburban Avenue A,Fairfield Warde High School, 1-999999 005-33
Sugarplum Lane A,Fairfield Woods Middle School, 1-999999 003-32
Sunfield Lane A,Fairfield Ludlowe High School, 1-999999 008-32
Sunnie Holme Drive A,Sherman School, 1-999999 009-32
Sunnyridge Avenue A,McKinley School, 1-999999 006-33
Sunrise Avenue E,McKinley School, 42-92 006-33
Sunset Avenue E,McKinley School, 2-298 006-33
Sunset Avenue O,McKinley School, 1-77 006-33
Sunset Avenue O,Holland Hill School, 79-299 007-33
Sunset Circle A,Holland Hill School, 1-999999 007-33
Surrey Lane A,Dwight School, 1-251 001-34
Surrey Lane A,St Pius School, 252-699 002-34
Suzanne Circle A,Fairfield Warde High School, 1-999999 005-33
Sycamore Lane A,Fairfield Ludlowe High School, 1-999999 008-32
Szost Drive A,Fairfield Woods Middle School, 1-999999 003-32
Tahmore Court A,Fairfield Woods Middle School, 1-999999 003-32
Tahmore Drive A,Fairfield Woods Middle School, 37-775 003-32
Tahmore Place A,Fairfield Woods Middle School, 1-999999 003-32
Taintor Drive A,Mill Hill School, 1-999999 010-32
Tanglewood Lane A,Dwight School, 1-999999 001-34
Tanglewood Road A,Dwight School, 1-999999 001-34
Taquoshe Place A,St Pius School, 1-999999 002-34
Taunton Circle A,Fairfield Ludlowe High School, 1-999999 008-32
Taunton Road A,Fairfield Ludlowe High School, 1-999999 008-32
Taylor Place A,Mill Hill School, 1-999999 010-32
The Knoll A,Mill Hill School, 1-999999 010-32
Third Street A,Fairfield Warde High School, 1-999999 005-33
Thompson Street A,Fairfield Warde High School, 1-999999 005-33
Thor Place A,Fairfield Ludlowe High School, 1-999999 008-32
Thornhill Road A,St Pius School, 1-999999 002-34
Thorpe Street A,Mill Hill School, 1-999999 010-32
Tide Mill Terrace A,Mill Hill School, 1-999999 010-32
Timber Lane A,St Pius School, 1-999999 002-34
Timothy Street A,Fairfield Ludlowe High School, 1-999999 008-32
Toilsome Hill Lane A,Stratfield School, 1-999999 004-33
Toilsome Hill Road E,Stratfield School, 26-484 004-33
Toilsome Hill Road E,Stratfield School, 572-618 004-33
Toilsome Hill Road O,Stratfield School, 49-645 004-33
Toll House Lane A,St Pius School, 1-999999 002-34
Town Hall Green A,Sherman School, 1-999999 009-32
Towne House Road A,Dwight School, 1-999999 001-34
Trail Street A,St Pius School, 1-999999 002-34
Treasure Road A,Dwight School, 1-999999 001-34
Trefoil Court A,Fairfield Warde High School, 1-999999 005-33
Trillium Circle A,St Pius School, 1-999999 002-34
Trillium Road A,St Pius School, 1-999999 002-34
Tuckahoe Lane A,Fairfield Woods Middle School, 1-999999 003-32
Tuller Road A,Fairfield Warde High School, 1-999999 005-33
Tunxis Hill Cutoff E,Fairfield Warde High School, 2-999998 005-33
Tunxis Hill Cutoff O,McKinley School, 1-999999 006-33
Tunxis Hill Road A,McKinley School, 800-2098 006-33
Tunxis Hill Road E,Fairfield Warde High School, 2-798 005-33
Tunxis Hill Road O,McKinley School, 1-525 006-33
Tunxis Hill Road O,Fairfield Warde High School, 527-799 005-33
Turney Road E,Holland Hill School, 44-184 007-33
Turney Road E,Sherman School, 206-234 009-32
Turney Road O,Holland Hill School, 41-241 007-33
Twin Brooks Lane A,Fairfield Ludlowe High School, 1-999999 008-32
Twin Lanes Road A,Dwight School, 1-999999 001-34
University Drive A,Fairfield Woods Middle School, 1-999999 003-32
Unquowa Place A,Fairfield Ludlowe High School, 1-999999 008-32
Unquowa Road A,Fairfield Ludlowe High School, 1-999999 008-32
Unquowa Road West A,Fairfield Ludlowe High School, 1-999999 008-32
Valley Circle A,Stratfield School, 1-999999 004-33
Valley Lane A,Stratfield School, 1-999999 004-33
Valley Road E,St Pius School, 2-340 002-34
Valley Road E,Stratfield School, 342-1298 004-33
Valley Road O,Stratfield School, 1-1299 004-33
Valley View Place E,Fairfield Woods Middle School, 2-999998 003-34
Valley View Place O,St Pius School, 1-999999 002-34
Valley View Road E,St Pius School, 2-198 002-34
Valley View Road E,Fairfield Woods Middle School, 200-298 003-34
Valley View Road O,St Pius School, 1-245 002-34
Valley View Road O,Fairfield Woods Middle School, 247-299 003-34
Veres Street A,Sherman School, 1-999999 009-32
Vermont Avenue A,McKinley School, 1-999999 006-33
Verna Field Road A,Dwight School, 1-999999 001-34
Verna Hill Road A,Dwight School, 1-999999 001-34
Vesper Street A,Fairfield Warde High School, 1-999999 005-33
Victoria Court A,Dwight School, 1-999999 001-34
Villa Avenue A,Fairfield Warde High School, 1-681 005-33
Villa Avenue A,McKinley School, 682-899 006-33
Villa Place A,Fairfield Warde High School, 1-999999 005-33
Village Lane E,Mill Hill School, 20-280 010-32
Village Lane O,Mill Hill School, 61-271 010-32
Wagon Hill Road A,St Pius School, 1-999999 002-34
Wakeman Lane A,Mill Hill School, 1-999999 010-32
Wakeman Road A,Holland Hill School, 1-999999 007-33
Walbin Court A,Fairfield Ludlowe High School, 1-999999 008-32
Walls Drive A,Fairfield Ludlowe High School, 1-999999 008-32
Wampus Way A,St Pius School, 1-999999 002-34
Warde Terrace E,Fairfield Warde High School, 2-999998 005-33
Warde Terrace O,Fairfield Woods Middle School, 1-999999 003-32
Wareham Road A,Fairfield Ludlowe High School, 1-999999 008-32
Warner Hill Lane A,Fairfield Ludlowe High School, 1-999999 008-32
Warner Hill Road E,Fairfield Ludlowe High School, 30-680 008-32
Warner Hill Road O,Fairfield Ludlowe High School, 15-655 008-32
Warren Avenue A,McKinley School, 1-999999 006-33
Warsaw Street A,Fairfield Warde High School, 1-999999 005-33
Warwick Avenue A,Stratfield School, 1-999999 004-33
Waschuk Circle A,Fairfield Warde High School, 1-999999 005-33
Waterville Road A,Mill Hill School, 1-999999 010-32
Wayside Court E,Mill Hill School, 2-98 010-32
Wayside Court O,Fairfield Ludlowe High School, 1-99 008-32
Webb Road A,Fairfield Warde High School, 1-999999 005-33
Webster Street A,McKinley School, 1-999999 006-33
Weeping Willow Lane A,St Pius School, 1-999999 002-34
Welch Terrace A,Mill Hill School, 1-999999 010-32
Wellington Drive A,Dwight School, 1-999999 001-34
Wellner Drive A,St Pius School, 1-999999 002-34
West Morgan Avenue A,Sherman School, 1-999999 009-32
Westbourne Road A,Holland Hill School, 1-999999 007-33
Westbrook Place A,Fairfield Warde High School, 1-999999 005-33
Westford Drive A,Mill Hill School, 1-999999 010-32
Westlea Lane A,Dwight School, 1-999999 001-34
Westport Turnpike A,Dwight School, 1-999999 001-34
Westway Road A,Mill Hill School, 1-999999 010-32
Westwood Road A,Fairfield Warde High School, 1-999999 005-33
Wheeler Park Avenue E,St Pius School, 32-438 002-34
Wheeler Park Avenue O,Stratfield School, 1-33 004-33
Wheeler Park Avenue O,St Pius School, 35-367 002-34
Wheeler Park Place A,St Pius School, 1-999999 002-34
Whetstone Hill Court A,Sherman School, 1-999999 009-32
White Oak Road A,Fairfield Warde High School, 1-999999 005-33
White's Hill Lane A,Mill Hill School, 1-999999 010-32
Whitewood Drive E,Fairfield Woods Middle School, 10-134 003-32
Whitewood Drive O,Fairfield Warde High School, 11-135 005-33
Whiting Pond Road A,Dwight School, 1-999999 001-34
Wildflower Lane A,Dwight School, 1-999999 001-34
Wildwood Road E,Fairfield Woods Middle School, 8-182 003-32
Wildwood Road O,Stratfield School, 9-143 004-33
Willow Street A,Mill Hill School, 1-999999 010-32
Willowbrook Road A,Stratfield School, 1-999999 004-33
Wilson Street E,Stratfield School, 20-688 004-33
Wilson Street O,Stratfield School, 33-509 004-33
Wilson Street O,Stratfield School, 649-675 004-33
Wilton Road A,Fairfield Woods Middle School, 1-999999 003-32
Windermere Street A,Stratfield School, 1-999999 004-33
Windsor Place A,Fairfield Woods Middle School, 1-999999 003-32
Windsor Road E,Fairfield Woods Middle School, 40-76 003-34
Windsor Road O,Fairfield Woods Middle School, 11-93 003-32
Windsor Road O,Fairfield Woods Middle School, 137-137 003-34
Windsor Road O,Fairfield Woods Middle School, 163-163 003-32
Windsor Road O,Fairfield Woods Middle School, 185-237 003-32
Windsor Road O,Fairfield Woods Middle School, 255-255 003-34
Winnepoge Drive A,St Pius School, 1-999999 002-34
Winoca Road A,St Pius School, 1-999999 002-34
Winton Road A,Fairfield Ludlowe High School, 1-999999 008-32
Wood House Road A,Dwight School, 1-999999 001-34
Woodbine Lane A,Stratfield School, 1-999999 004-33
Woodcrest Road A,Fairfield Woods Middle School, 1-999999 003-32
Woodland Road A,Fairfield Woods Middle School, 1-999999 003-32
Woodridge Avenue A,Fairfield Woods Middle School, 31-536 003-32
Woodrow Avenue A,Mill Hill School, 1-999999 010-32
Woods End Road A,Fairfield Ludlowe High School, 1-999999 008-32
Woodside Avenue A,Holland Hill School, 1-999999 007-33
Woodside Circle A,Fairfield Warde High School, 1-999999 005-33
Woody Lane A,Fairfield Warde High School, 1-999999 005-33
Wormwood Road A,Holland Hill School, 1-999999 007-33
Wyncum Valley Road A,St Pius School, 1-999999 002-34
Wynn Wood Drive A,Stratfield School, 1-999999 004-33
Yarrow Road A,Holland Hill School, 1-999999 007-33
York Road A,McKinley School, 1-999999 006-33
Youngstown Road A,McKinley School, 10-116 006-33
Youngstown Road A,Fairfield Woods Middle School, 145-148 003-32
